{
  "stage": 4,
  "version": "1.2",
  "timestamp": "2025-07-23T03:04:36+09:00",
  "project_info": {
    "project_id": "FILM_000001",
    "total_concept_arts": 6
  },
  "concept_art_collection": {
    "characters": {
      "Dochi": {
        "name": "Dochi",
        "type": "character",
        "csv_data": {
          "101": "PORTRAIT, 부드러운 동화풍 스타일, 픽사 <파이퍼> 스타일",
          "102": "3D 렌더 (3D 애니메이션 느낌)",
          "103": "동물, 고슴도치",
          "201": "호기심 많은 어린 수컷 한국 고슴도치",
          "202": "현대 자연 그대로의 숲",
          "204": "인공적이지 않은 자연물 그대로의 모습",
          "206": "까맣고 동그란 눈, 뾰족한 코, 촘촘하고 부드러운 질감의 가시",
          "211": "작고 동글동글한 체형, 긍정적이고 순수한 표정, 탐험을 즐기는 대담함",
          "402": "미디엄 샷 (Medium shot), 정면 뷰 (Front view)",
          "501": "highly detailed, professional, 8K",
          "502": "화면비율 16:9"
        },
        "prompts": {
          "midjourney": {
            "prompt_english": "PORTRAIT in a soft, fairy tale 3D render style, reminiscent of Pixar's 'Piper', a curious young male Korean hedgehog with black round eyes, a pointed nose, and dense, soft-textured spines, his small, round body conveys a positive and innocent expression hinting at his adventurous spirit, medium shot, front view, highly detailed, professional, 8K --ar 16:9",
            "prompt_translated": "부드러운 동화풍의 3D 렌더 스타일 인물 사진, 픽사의 '파이퍼'를 연상시키는, 까맣고 동그란 눈, 뾰족한 코, 촘촘하고 부드러운 질감의 가시를 가진 호기심 많은 어린 한국 고슴도치, 작고 동글동글한 몸은 그의 모험적인 정신을 암시하는 긍정적이고 순수한 표정을 전달합니다, 미디엄 샷, 정면 뷰, 매우 상세하고, 전문적인, 8K --ar 16:9",
            "parameters": ""
          },
          "leonardo": {
            "prompt_english": "(((soft fairy tale style))), (((3D render reminiscent of Pixar's 'Piper'))), PORTRAIT of a (((curious young male Korean hedgehog))), (black round eyes), pointed nose, dense soft-textured spines, small round body with a (positive and innocent expression), medium shot, front view, highly detailed, professional, 8K",
            "prompt_translated": "(((부드러운 동화 스타일))), (((픽사의 '파이퍼'를 연상시키는 3D 렌더))), (((호기심 많은 어린 수컷 한국 고슴도치)))의 인물 사진, (까만 동그란 눈), 뾰족한 코, 촘촘하고 부드러운 질감의 가시, (긍정적이고 순수한 표정)의 작고 동그란 몸, 미디엄 샷, 정면 뷰, 매우 상세하고, 전문적인, 8K",
            "negative_prompt": "((disfigured)), ((bad art)), ((deformed)), blurry, ugly, noisy, watermark, text"
          },
          "ideogram": {
            "prompt_english": "A beautiful portrait of a character in a soft, fairy tale 3D render style, heavily inspired by the heartwarming aesthetic of Pixar's 'Piper'. The subject is a curious young male Korean hedgehog. He has charming black round eyes, a cute pointed nose, and a coat of dense yet soft-textured spines. His small, round body and innocent, positive expression wonderfully capture his adventurous and pure spirit. This is a medium shot, focusing on him from a direct front view, rendered in highly detailed, professional 8K quality.",
            "prompt_translated": "픽사의 '파이퍼'가 가진 마음 따뜻해지는 미학에서 큰 영감을 받은, 부드러운 동화풍 3D 렌더 스타일의 아름다운 캐릭터 인물 사진입니다. 주인공은 호기심 많은 어린 수컷 한국 고슴도치입니다. 그는 매력적인 까만 눈, 귀여운 뾰족코, 그리고 촘촘하면서도 부드러운 질감의 가시털을 가지고 있습니다. 그의 작고 동글동글한 몸과 순수하고 긍정적인 표정은 그의 모험적이고 순수한 정신을 훌륭하게 담아냅니다. 이 이미지는 정면에서 그를 초점으로 맞춘 미디엄 샷이며, 매우 상세하고 전문적인 8K 품질로 렌더링되었습니다."
          },
          "imagefx": {
            "prompt_english": "A medium front-view portrait of a curious young male Korean hedgehog. He has black round eyes, a pointed nose, and dense, soft-textured spines, with a positive and innocent expression that suggests an adventurous spirit. The scene is rendered in a soft, fairy tale 3D style, reminiscent of the visual aesthetic of Pixar's 'Piper'. A professional, highly detailed 8K image. (16:9 aspect ratio)",
            "prompt_translated": "호기심 많은 어린 수컷 한국 고슴도치의 정면 미디엄 샷 인물 사진. 그는 까맣고 동그란 눈, 뾰족한 코, 촘촘하고 부드러운 질감의 가시를 가지고 있으며, 모험적인 정신을 암시하는 긍정적이고 순수한 표정을 짓고 있습니다. 이 장면은 픽사의 '파이퍼' 시각적 미학을 연상시키는 부드러운 동화풍의 3D 스타일로 렌더링되었습니다. 전문적이고 매우 상세한 8K 이미지입니다. (16:9 화면 비율)",
            "negative_prompt": "realistic, photorealistic, human, ugly, scary, deformed, blurry, low quality, text, watermark"
          }
        },
        "variations": {},
        "additional_info_for_other_stages": {
          "speech_pattern_for_stage8": "10대 초반 남자아이 한국인 서울 순수하고 호기심 많은 말투 약간 높은 톤"
        }
      }
    },
    "locations": {
      "숲 속 캠핑 장소": {
        "name": "숲 속 캠핑 장소",
        "type": "location",
        "csv_data": {
          "101": "부드러운 동화풍 스타일, 픽사 <파이퍼> 스타일",
          "102": "3D 렌더 (3D 애니메이션 느낌)",
          "103": "장면(Scene)",
          "201": "햇살이 잘 드는 숲 속 작은 공터, 푹신한 이끼와 따끈한 조약돌이 있는 곳",
          "302": "현대 자연 그대로의 숲",
          "305": "따뜻한 햇살이 부드럽게 내리쬐는, 평화롭고 아늑한 분위기, 주변의 풀과 나무들이 거대하게 보임",
          "306": "맑은 날씨(Clear weather)",
          "307": "낮(Day), 풍부한 자연광(Abundant natural light)",
          "402": "와이드 샷 (Wide shot)",
          "501": "highly detailed, professional, 8K",
          "502": "화면비율 16:9"
        },
        "prompts": {
          "midjourney": {
            "prompt_english": "A 3D render in a soft, fairy tale style inspired by Pixar's 'Piper', a scene of a small, sun-drenched clearing in a modern forest, featuring soft moss and warm pebbles, warm sunlight gently streams down creating a peaceful and cozy atmosphere, surrounding grass and trees appear enormous from a small creature's perspective, abundant natural light on a clear day, wide shot, highly detailed, professional, 8K --ar 16:9",
            "prompt_translated": "픽사의 '파이퍼'에서 영감을 받은 부드러운 동화풍의 3D 렌더, 현대적인 숲 속 햇살이 가득한 작은 공터 장면, 부드러운 이끼와 따뜻한 조약돌이 특징, 따뜻한 햇살이 부드럽게 내리쬐어 평화롭고 아늑한 분위기를 연출, 주변의 풀과 나무들이 작은 생물의 시점에서 거대하게 보임, 맑은 날의 풍부한 자연광, 와이드 샷, 매우 상세하고, 전문적인, 8K --ar 16:9",
            "parameters": ""
          },
          "leonardo": {
            "prompt_english": "(((soft fairy tale style))), (((3D render inspired by Pixar's 'Piper'))), a scene of a (((small sun-drenched clearing))) in a forest, (soft moss and warm pebbles), warm sunlight creating a ((peaceful and cozy atmosphere)), enormous grass and trees from a tiny perspective, abundant natural light, wide shot, highly detailed, professional, 8K",
            "prompt_translated": "(((부드러운 동화 스타일))), (((픽사 '파이퍼'에서 영감을 받은 3D 렌더))), 숲 속의 (((햇살 가득한 작은 공터))) 장면, (부드러운 이끼와 따뜻한 조약돌), 따뜻한 햇살이 ((평화롭고 아늑한 분위기))를 연출, 작은 시점에서 본 거대한 풀과 나무들, 풍부한 자연광, 와이드 샷, 매우 상세하고, 전문적인, 8K",
            "negative_prompt": "dark, gloomy, scary, ugly, people, animals, text, watermark, building, synthetic"
          },
          "ideogram": {
            "prompt_english": "A beautiful wide shot of a small, sun-drenched clearing within a forest, rendered in a soft and charming fairy tale 3D style inspired by Pixar's 'Piper'. The ground is a lovely carpet of soft moss dotted with warm pebbles. Gentle streams of warm sunlight filter through the canopy, creating a deeply peaceful and cozy atmosphere. From the low perspective of a tiny creature, the surrounding grass and trees look immense and magical. The scene is bathed in the abundant natural light of a clear, sunny day. A professional, highly detailed 8K digital artwork.",
            "prompt_translated": "픽사의 '파이퍼'에서 영감을 받은 부드럽고 매력적인 동화풍 3D 스타일로 렌더링된, 숲 속 햇살 가득한 작은 공터의 아름다운 와이드 샷. 땅은 따뜻한 조약돌이 점점이 박힌 사랑스러운 부드러운 이끼 카펫입니다. 따스한 햇살이 캐노피를 통해 부드럽게 스며들어 매우 평화롭고 아늑한 분위기를 자아냅니다. 작은 생명체의 낮은 시점에서 보면 주변의 풀과 나무들이 거대하고 마법처럼 보입니다. 장면은 맑고 화창한 날의 풍부한 자연광으로 가득 차 있습니다. 전문적이고 매우 상세한 8K 디지털 아트워크."
          },
          "imagefx": {
            "prompt_english": "A wide shot of a small, sun-drenched clearing in a forest. This cozy spot features soft moss and warm pebbles, with the surrounding grass and trees appearing enormous from a tiny creature's perspective. The scene is bathed in the warm, gentle sunlight of a clear day, creating a peaceful and inviting atmosphere. Rendered in a soft, fairy tale 3D style reminiscent of Pixar's 'Piper', highly detailed, professional quality. (16:9 aspect ratio)",
            "prompt_translated": "숲 속 햇살이 가득한 작은 공터의 와이드 샷. 이 아늑한 장소는 부드러운 이끼와 따뜻한 조약돌이 특징이며, 주변의 풀과 나무는 작은 생물의 시점에서 거대하게 보입니다. 장면은 맑은 날의 따뜻하고 부드러운 햇살을 듬뿍 받아 평화롭고 매력적인 분위기를 자아냅니다. 픽사의 '파이퍼'를 연상시키는 부드러운 동화풍 3D 스타일로 렌더링되었으며, 매우 상세하고 전문적인 품질입니다. (16:9 화면 비율)",
            "negative_prompt": "dark, night, rain, gloomy, people, artificial objects, text, watermark, blurry"
          }
        },
        "variations": {},
        "additional_info_for_other_stages": {}
      },
      "이끼 침대": {
        "name": "이끼 침대",
        "type": "location",
        "csv_data": {
          "101": "부드러운 동화풍 스타일, 픽사 <파이퍼> 스타일",
          "102": "3D 렌더 (3D 애니메이션 느낌)",
          "103": "장면(Scene)",
          "201": "푹신하고 부드러워 보이는 이끼로 덮인 아늑한 잠자리 공간",
          "302": "현대 자연 그대로의 숲",
          "305": "밤하늘 아래 별빛이 은은하게 비추는, 매우 평화롭고 고요한 분위기, 포근하고 안전하게 느껴지는 공간",
          "306": "맑은 날씨(Clear weather)",
          "307": "밤(Night), 별빛과 달빛(Starlight and moonlight)",
          "402": "와이드 샷 (Wide shot)",
          "501": "highly detailed, professional, 8K",
          "502": "화면비율 16:9"
        },
        "prompts": {
          "midjourney": {
            "prompt_english": "A 3D render in a soft, fairy tale style reminiscent of Pixar's 'Piper', a scene of a cozy sleeping space covered in plush, soft moss, under a clear night sky, gentle starlight and moonlight create a very peaceful and serene atmosphere, making the space feel warm and safe, wide shot, highly detailed, professional, 8K --ar 16:9",
            "prompt_translated": "픽사의 '파이퍼'를 연상시키는 부드러운 동화풍의 3D 렌더, 푹신하고 부드러운 이끼로 덮인 아늑한 잠자리 장면, 맑은 밤하늘 아래, 부드러운 별빛과 달빛이 매우 평화롭고 고요한 분위기를 만들어 공간을 따뜻하고 안전하게 느끼게 함, 와이드 샷, 매우 상세하고, 전문적인, 8K --ar 16:9",
            "parameters": ""
          },
          "leonardo": {
            "prompt_english": "(((soft fairy tale style))), (((3D render reminiscent of Pixar's 'Piper'))), a scene of a (((cozy moss bed))), under a ((clear night sky)), gentle starlight and moonlight creating a ((very peaceful and serene atmosphere)), warm and safe feeling, wide shot, highly detailed, professional, 8K",
            "prompt_translated": "(((부드러운 동화 스타일))), (((픽사 '파이퍼'를 연상시키는 3D 렌더))), (((아늑한 이끼 침대))) 장면, ((맑은 밤하늘)) 아래, 부드러운 별빛과 달빛이 ((매우 평화롭고 고요한 분위기))를 연출, 따뜻하고 안전한 느낌, 와이드 샷, 매우 상세하고, 전문적인, 8K",
            "negative_prompt": "daytime, sun, bright, city, people, pollution, jarring colors, text, watermark"
          },
          "ideogram": {
            "prompt_english": "A beautiful wide shot of a cozy sleeping space, rendered in a soft fairy tale 3D style inspired by Pixar's 'Piper'. The bed is a plush mound of soft, inviting moss. The scene is set under a clear night sky, where gentle starlight and soft moonlight provide a serene illumination. This lighting creates a deeply peaceful and tranquil atmosphere, making the moss bed feel exceptionally warm and safe. A professional, highly detailed 8K digital artwork that captures a moment of pure serenity.",
            "prompt_translated": "픽사의 '파이퍼'에서 영감을 받은 부드러운 동화풍 3D 스타일로 렌더링된, 아늑한 잠자리 공간의 아름다운 와이드 샷. 침대는 푹신하고 부드러우며 매력적인 이끼 더미입니다. 장면은 맑은 밤하늘 아래 설정되어 있으며, 부드러운 별빛과 은은한 달빛이 고요한 조명을 제공합니다. 이 조명은 깊고 평화로우며 고요한 분위기를 만들어 이끼 침대를 유난히 따뜻하고 안전하게 느끼게 합니다. 순수한 평온의 순간을 포착한 전문적이고 매우 상세한 8K 디지털 아트워크."
          },
          "imagefx": {
            "prompt_english": "A wide shot of a cozy sleeping space in a forest at night. The ground is covered in plush, soft moss, creating an inviting bed. The scene is lit by the gentle light of the moon and stars under a clear sky, creating a peaceful, serene, and safe atmosphere. Rendered in a soft, fairy tale 3D style like Pixar's 'Piper', professional quality. (16:9 aspect ratio)",
            "prompt_translated": "밤 숲속 아늑한 잠자리의 와이드 샷. 땅은 푹신하고 부드러운 이끼로 덮여 매력적인 침대를 만듭니다. 장면은 맑은 하늘 아래 달과 별의 부드러운 빛으로 조명되어 평화롭고 고요하며 안전한 분위기를 자아냅니다. 픽사의 '파이퍼'와 같은 부드러운 동화풍 3D 스타일로 렌더링되었으며, 전문적인 품질입니다. (16:9 화면 비율)",
            "negative_prompt": "sun, daytime, harsh light, people, buildings, clutter, noisy, blurry, text"
          }
        },
        "variations": {},
        "additional_info_for_other_stages": {}
      },
      "숲 속 전경": {
        "name": "숲 속 전경",
        "type": "location",
        "csv_data": {
          "101": "부드러운 동화풍 스타일, 픽사 <파이퍼> 스타일",
          "102": "3D 렌더 (3D 애니메이션 느낌)",
          "103": "풍경(Landscape)",
          "201": "고요한 밤, 잠든 주인공을 뒤로하고 멀리서 바라본 평화로운 숲 전체의 모습",
          "302": "현대 자연 그대로의 숲",
          "305": "달빛 아래 고요하게 잠든 숲, 생명감이 느껴지는 평화로운 풍경, 모든 것이 평온하고 안정된 분위기",
          "306": "맑은 날씨(Clear weather)",
          "307": "밤(Night), 달빛이 비추는(Moonlit)",
          "402": "와이드 샷 (Wide shot)",
          "501": "highly detailed, professional, 8K",
          "502": "화면비율 16:9"
        },
        "prompts": {
          "midjourney": {
            "prompt_english": "A landscape 3D render in a soft, fairy tale style, inspired by Pixar's 'Piper', a panoramic view of a peaceful forest at night, a tiny sleeping character visible in the distance, the entire forest is bathed in serene moonlight, creating a tranquil and stable atmosphere filled with a sense of life, moonlit night on a clear day, wide shot, highly detailed, professional, 8K --ar 16:9",
            "prompt_translated": "픽사의 '파이퍼'에서 영감을 받은 부드러운 동화풍의 3D 렌더 풍경, 평화로운 밤의 숲 파노라마 뷰, 멀리 작은 잠자는 캐릭터가 보임, 숲 전체가 고요한 달빛에 흠뻑 젖어 생명감 넘치는 평온하고 안정된 분위기를 연출, 맑은 날의 달밤, 와이드 샷, 매우 상세하고, 전문적인, 8K --ar 16:9",
            "parameters": ""
          },
          "leonardo": {
            "prompt_english": "(((landscape 3D render))), (((soft fairy tale style like Pixar's 'Piper'))), a panoramic view of a (((peaceful moonlit forest at night))), a tiny sleeping character in the distance, ((serene moonlight)) bathing the scene, creating a (tranquil and stable atmosphere), wide shot, highly detailed, professional, 8K",
            "prompt_translated": "(((풍경 3D 렌더))), (((픽사 '파이퍼' 같은 부드러운 동화 스타일))), (((평화로운 달밤의 숲))) 파노라마 뷰, 멀리서 자고 있는 작은 캐릭터, 장면을 감싸는 ((고요한 달빛)), (평온하고 안정적인 분위기)를 연출, 와이드 샷, 매우 상세하고, 전문적인, 8K",
            "negative_prompt": "daytime, sun, city, buildings, roads, harsh light, cartoon, ugly, text"
          },
          "ideogram": {
            "prompt_english": "A stunning panoramic landscape, rendered in a soft and magical fairy tale 3D style inspired by Pixar's 'Piper'. The image captures a vast, peaceful forest sleeping under a clear night sky. Far in the distance, a tiny character is peacefully asleep. The entire scene is beautifully bathed in serene moonlight, which creates a tranquil, stable atmosphere that feels alive and breathing. This wide shot emphasizes the scale and calm of the moonlit world. A professional, highly detailed 8K digital artwork.",
            "prompt_translated": "픽사의 '파이퍼'에서 영감을 받은 부드럽고 마법 같은 동화풍 3D 스타일로 렌더링된, 멋진 파노라마 풍경. 이미지는 맑은 밤하늘 아래 잠든 광활하고 평화로운 숲을 포착합니다. 멀리, 아주 작은 캐릭터가 평화롭게 잠들어 있습니다. 전체 장면은 고요한 달빛으로 아름답게 물들어, 살아 숨 쉬는 듯한 평온하고 안정된 분위기를 자아냅니다. 이 와이드 샷은 달빛 비치는 세계의 규모와 고요함을 강조합니다. 전문적이고 매우 상세한 8K 디지털 아트워크."
          },
          "imagefx": {
            "prompt_english": "A panoramic wide shot of a peaceful forest at night. In the distance, a tiny character is visible, sleeping soundly. The entire landscape is bathed in the serene light of the moon under a clear sky, creating a tranquil, stable, and life-filled atmosphere. Rendered in a soft, fairy tale 3D style reminiscent of Pixar's 'Piper', highly detailed, professional quality. (16:9 aspect ratio)",
            "prompt_translated": "평화로운 밤의 숲을 담은 파노라마 와이드 샷. 멀리, 작은 캐릭터가 깊이 잠든 모습이 보입니다. 전체 풍경은 맑은 하늘 아래 고요한 달빛에 흠뻑 젖어, 평온하고 안정적이며 생명력 넘치는 분위기를 자아냅니다. 픽사의 '파이퍼'를 연상시키는 부드러운 동화풍 3D 스타일로 렌더링되었으며, 매우 상세하고 전문적인 품질입니다. (16:9 화면 비율)",
            "negative_prompt": "sun, daytime, city, pollution, noise, blurry, harsh lighting, text, watermark"
          }
        },
        "variations": {},
        "additional_info_for_other_stages": {}
      }
    },
    "props": {
      "굼벵이": {
        "name": "굼벵이",
        "type": "prop",
        "csv_data": {
          "101": "부드러운 동화풍 스타일, 픽사 <파이퍼> 스타일",
          "102": "3D 렌더 (3D 애니메이션 느낌)",
          "103": "음식(Food)",
          "201": "통통하고 먹음직스러워 보이는 하얀 애벌레",
          "202": "현대 자연 그대로의 숲",
          "211": "주인공의 메인 요리, 부드럽고 말랑해 보이는 질감, 약간의 윤기가 흐르는 표면, 귀엽지만 사실적으로 묘사됨",
          "402": "클로즈업 샷 (Close-up shot)",
          "501": "highly detailed, professional, 8K",
          "502": "화면비율 16:9"
        },
        "prompts": {
          "midjourney": {
            "prompt_english": "A 3D render of food in a soft, fairy tale style like Pixar's 'Piper', a plump, appetizing-looking white grub, the main dish for a small character, it has a soft and squishy texture with a slight sheen on its surface, depicted cutely yet realistically, close-up shot, highly detailed, professional, 8K --ar 16:9",
            "prompt_translated": "픽사의 '파이퍼'와 같은 부드러운 동화풍의 3D 렌더 음식, 통통하고 먹음직스러워 보이는 흰색 굼벵이, 작은 캐릭터의 메인 요리, 부드럽고 말랑한 질감에 표면에 약간의 윤기가 흐르며, 귀여우면서도 사실적으로 묘사됨, 클로즈업 샷, 매우 상세하고, 전문적인, 8K --ar 16:9",
            "parameters": ""
          },
          "leonardo": {
            "prompt_english": "(((soft fairy tale style))), (((cute 3D render of food))), a (((plump and appetizing white grub))), (soft and squishy texture), slight sheen on its surface, depicted ((cutely yet realistically)), main dish for a tiny animal, close-up shot, highly detailed, professional, 8K",
            "prompt_translated": "(((부드러운 동화 스타일))), (((귀여운 3D 음식 렌더))), (((통통하고 먹음직스러운 흰색 굼벵이))), (부드럽고 말랑한 질감), 표면에 약간의 윤기, ((귀엽지만 사실적으로)) 묘사됨, 작은 동물의 메인 요리, 클로즈업 샷, 매우 상세하고, 전문적인, 8K",
            "negative_prompt": "monster, scary, disgusting, dirty, metallic, dark, human, text, plate, fork"
          },
          "ideogram": {
            "prompt_english": "A close-up shot of a single white grub, rendered in a cute and soft fairy tale 3D style inspired by Pixar's 'Piper'. This plump, appetizing grub is presented as a delicious main dish for a tiny creature. It has a wonderfully soft and squishy-looking texture, with a delicate sheen on its surface that makes it look fresh. The depiction is a perfect balance between cute and realistic. A professional, highly detailed 8K digital artwork of food.",
            "prompt_translated": "픽사의 '파이퍼'에서 영감을 받은 귀엽고 부드러운 동화풍 3D 스타일로 렌더링된, 흰 굼벵이 한 마리의 클로즈업 샷. 이 통통하고 먹음직스러운 굼벵이는 작은 생물을 위한 맛있는 메인 요리로 제공됩니다. 그것은 놀랍도록 부드럽고 말랑해 보이는 질감을 가지고 있으며, 표면의 섬세한 윤기가 신선해 보이게 만듭니다. 묘사는 귀여움과 사실성 사이의 완벽한 균형을 이룹니다. 전문적이고 매우 상세한 8K 디지털 음식 아트워크."
          },
          "imagefx": {
            "prompt_english": "A close-up shot of a single, plump white grub. The grub is depicted as an appetizing food item, with a soft, squishy texture and a slight sheen on its surface. The style is a cute yet realistic 3D render, reminiscent of the soft, fairy tale aesthetic of Pixar's 'Piper'. Highly detailed, professional quality. (16:9 aspect ratio)",
            "prompt_translated": "통통한 흰색 굼벵이 한 마리의 클로즈업 샷. 굼벵이는 부드럽고 말랑한 질감과 표면의 약간의 윤기를 가진 먹음직스러운 음식으로 묘사됩니다. 스타일은 픽사의 부드러운 동화 미학을 연상시키는 귀엽지만 사실적인 3D 렌더입니다. 매우 상세하고 전문적인 품질입니다. (16:9 화면 비율)",
            "negative_prompt": "scary, monster, rotten, dirty, background clutter, multiple objects, text, watermark"
          }
        },
        "variations": {},
        "additional_info_for_other_stages": {}
      },
      "조약돌": {
        "name": "조약돌",
        "type": "prop",
        "csv_data": {
          "101": "부드러운 동화풍 스타일, 픽사 <파이퍼> 스타일",
          "102": "3D 렌더 (3D 애니메이션 느낌)",
          "103": "도구(Tool)",
          "201": "주인공의 앞발 크기만 한, 둥글고 평평한 돌",
          "202": "현대 자연 그대로의 숲",
          "211": "햇볕에 달궈져 요리용 스토브로 사용됨, 자연스러운 질감과 어두운 회색, 열기로 인해 표면이 희미하게 아른거리는 효과",
          "402": "미디엄 샷 (Medium shot)",
          "501": "highly detailed, professional, 8K",
          "502": "화면비율 16:9"
        },
        "prompts": {
          "midjourney": {
            "prompt_english": "A 3D render of a tool in a soft, fairy tale style inspired by Pixar's 'Piper', a round, flat pebble, the size of a small creature's paw, used as a cooking stove heated by the sun, the pebble has a natural texture and is dark gray, with a faint shimmering heat haze effect on its surface, medium shot, highly detailed, professional, 8K --ar 16:9",
            "prompt_translated": "픽사의 '파이퍼'에서 영감을 받은 부드러운 동화풍의 3D 렌더 도구, 작은 생물의 발바닥만 한 둥글고 납작한 조약돌, 태양에 데워진 요리용 스토브로 사용됨, 조약돌은 자연스러운 질감을 가졌고 어두운 회색이며, 표면에 희미하게 반짝이는 아지랑이 효과가 있음, 미디엄 샷, 매우 상세하고, 전문적인, 8K --ar 16:9",
            "parameters": ""
          },
          "leonardo": {
            "prompt_english": "(((soft fairy tale style))), (((3D render of a natural tool))), a (((round flat pebble))) the size of an animal's paw, used as a ((sun-heated cooking stove)), natural texture, dark gray, (faint shimmering heat haze effect), medium shot, highly detailed, professional, 8K",
            "prompt_translated": "(((부드러운 동화 스타일))), (((자연 도구의 3D 렌더))), 동물 발바닥 크기의 (((둥글고 납작한 조약돌))), ((태양열로 데워진 요리 스토브))로 사용됨, 자연스러운 질감, 어두운 회색, (희미하게 반짝이는 아지랑이 효과), 미디엄 샷, 매우 상세하고, 전문적인, 8K",
            "negative_prompt": "machine, sharp, crystal, artificial, wet, cold, human-made, text, watermark"
          },
          "ideogram": {
            "prompt_english": "A medium shot of a simple, round, flat pebble, presented as a tool in a charming, soft fairy tale 3D style inspired by Pixar's 'Piper'. This pebble, about the size of a small creature's paw, is being cleverely used as a cooking stove, heated by the warm sun. It has a realistic natural texture and is a dark gray color. A faint, shimmering heat haze effect rises from its surface, indicating its warmth. A professional, highly detailed 8K digital artwork.",
            "prompt_translated": "픽사의 '파이퍼'에서 영감을 받은 매력적이고 부드러운 동화풍 3D 스타일의 도구로 제시된, 단순하고 둥글며 납작한 조약돌의 미디엄 샷. 작은 생물의 발바닥만 한 크기의 이 조약돌은 따뜻한 태양에 의해 데워져 요리용 스토브로 영리하게 사용되고 있습니다. 사실적인 자연 질감을 가지고 있으며 어두운 회색입니다. 표면에서 피어오르는 희미하고 반짝이는 아지랑이 효과가 그 따뜻함을 나타냅니다. 전문적이고 매우 상세한 8K 디지털 아트워크."
          },
          "imagefx": {
            "prompt_english": "A medium shot of a round, flat, dark gray pebble being used as a miniature cooking stove. The pebble, the size of a small animal's paw, is heated by the sun and has a faint, shimmering heat haze rising from its natural textured surface. The image is a soft, fairy tale 3D render, reminiscent of Pixar's visual style, professional quality. (16:9 aspect ratio)",
            "prompt_translated": "둥글고 납작한 어두운 회색 조약돌이 미니어처 요리 스토브로 사용되는 미디엄 샷. 작은 동물의 발 크기만 한 이 조약돌은 태양에 의해 가열되었으며, 자연스러운 질감의 표면에서 희미하게 반짝이는 아지랑이가 피어오릅니다. 이미지는 픽사의 시각적 스타일을 연상시키는 부드러운 동화풍의 3D 렌더이며, 전문적인 품질입니다. (16:9 화면 비율)",
            "negative_prompt": "cold, ice, wet, sharp, faceted, artificial, background clutter, text, people"
          }
        },
        "variations": {},
        "additional_info_for_other_stages": {}
      }
    }
  }
}